<?xml version="1.0" encoding="UTF-8"?>
<project-private xmlns="http://www.netbeans.org/ns/project-private/1">
    <editor-bookmarks xmlns="http://www.netbeans.org/ns/editor-bookmarks/2" lastBookmarkId="2">
        <file>
            <url>app/User.php</url>
            <bookmark id="1">
                <name/>
                <line>24</line>
                <key/>
            </bookmark>
        </file>
        <file>
            <url>resources/views/taskmgt/userdatail.blade.php</url>
            <bookmark id="2">
                <name/>
                <line>34</line>
                <key/>
            </bookmark>
        </file>
    </editor-bookmarks>
    <open-files xmlns="http://www.netbeans.org/ns/projectui-open-files/2">
        <group>
            <file>file:/C:/wamp64/www/laravel/GOT/.env</file>
            <file>file:/C:/wamp64/www/laravel/GOT/resources/views/taskmgt/userdetail.blade.php</file>
            <file>file:/C:/wamp64/www/laravel/GOT/app/Http/Controllers/UserController.php</file>
            <file>file:/C:/wamp64/www/laravel/GOT/resources/views/taskmgt/taskupdate.blade.php</file>
            <file>file:/C:/wamp64/www/laravel/GOT/resources/views/taskmgt/user.blade.php</file>
            <file>file:/C:/wamp64/www/laravel/GOT/routes/web.php</file>
            <file>file:/C:/wamp64/www/laravel/GOT/resources/views/taskmgt/useredit.blade.php</file>
        </group>
    </open-files>
</project-private>
